code_dec,code_hex,rom_offset,attribute_hex,pin_bank,proportional_start_col,proportional_end_col,proportional_width_units,stored_inverted_columns_hex,active_columns_hex
0,00,0x17A3,8B,top8,0,11,12,FB F5 DF 75 9F F5 DF E3 FD FF FF,04 0A 20 8A 60 0A 20 1C 02 00 00
1,01,0x17AF,8B,top8,0,11,12,E3 DD F7 5D B7 DD F7 DD E7 FF FF,1C 22 08 A2 48 22 08 22 18 00 00
2,02,0x17BB,9B,top8,1,11,11,FF C3 FF 7D BF FD FF C3 FD FF FF,00 3C 00 82 40 02 00 3C 02 00 00
3,03,0x17C7,9A,top8,1,10,10,FF E3 DD 7F 9D FF DD E3 FF FF FF,00 1C 22 80 62 00 22 1C 00 00 00
4,04,0x17D3,98,top8,1,8,8,FF ED 7F A1 FF FD FF FF FF FF FF,00 12 80 5E 00 02 00 00 00 00 00
5,05,0x17DF,A9,top8,2,9,8,FF FF BF 5F FF 5F BF FF FF FF FF,00 00 40 A0 00 A0 40 00 00 00 00
6,06,0x17EB,8B,top8,0,11,12,ED FF 81 7F ED 7F FD 7F BD FF FF,12 00 7E 80 12 80 02 80 42 00 00
7,07,0x17F7,C8,top8,4,8,5,FF FF FF FF B0 FF FF FF FF FF FF,00 00 00 00 4F 00 00 00 00 00 00
8,08,0x1803,8B,top8,0,11,12,F9 FF F6 FF AE FF FE FF FD FF FF,06 00 09 00 51 00 01 00 02 00 00
9,09,0x180F,8B,top8,0,11,12,A1 7F EF 7F F7 BF FB BF 61 FF FF,5E 80 10 80 08 40 04 40 9E 00 00
10,0A,0x181B,8A,top8,0,10,11,BF 61 FF 6F BF EF B1 7F FF FF FF,40 9E 00 90 40 10 4E 80 00 00 00
11,0B,0x1827,8B,top8,0,11,12,6D D7 BB FF BB FF BB D7 6D FF FF,92 28 44 00 44 00 44 28 92 00 00
12,0C,0x1833,8B,top8,0,11,12,01 FF 5F FF B7 FF E1 FF F5 FF FF,FE 00 A0 00 48 00 1E 00 0A 00 00
13,0D,0x183F,8B,top8,0,11,12,F9 F7 AB 5F FB 5F AB F7 F9 FF FF,06 08 54 A0 04 A0 54 08 06 00 00
14,0E,0x184B,8B,top8,0,11,12,FB F5 DF F5 5F F5 DF E3 FD FF FF,04 0A 20 0A A0 0A 20 1C 02 00 00
15,0F,0x1857,0A,bottom8,0,10,11,C7 BB FE BB FE B9 FF BB FF FF FF,38 44 01 44 01 46 00 44 00 00 00
16,10,0x1863,9A,top8,1,10,10,FF AF 55 FF 55 FF 55 EB FF FF FF,00 50 AA 00 AA 00 AA 14 00 00 00
17,11,0x186F,8A,top8,0,10,11,81 7F FF 7F ED 7F ED 93 FF FF FF,7E 80 00 80 12 80 12 6C 00 00 00
18,12,0x187B,8B,top8,0,11,12,C1 BF 6F FF 01 FF 6D FF 6D FF FF,3E 40 90 00 FE 00 92 00 92 00 00
19,13,0x1887,8B,top8,0,11,12,D3 FD D7 FD E3 DF F5 DF E5 FF FF,2C 02 28 02 1C 20 0A 20 1A 00 00
20,14,0x1893,8B,top8,0,11,12,C5 BB FF 75 EF 5D FF BB 47 FF FF,3A 44 00 8A 10 A2 00 44 B8 00 00
21,15,0x189F,8B,top8,0,11,12,E2 DD FB DD F7 DD EF DD A3 FF FF,1D 22 04 22 08 22 10 22 5C 00 00
22,16,0x18AB,A9,top8,2,9,8,FF FF 7F FF FF FF 7F FF FF FF FF,00 00 80 00 00 00 80 00 00 00 00
23,17,0x18B7,8B,top8,0,11,12,F9 77 EB DF BB DF EB 77 F9 FF FF,06 88 14 20 44 20 14 88 06 00 00
24,18,0x18C3,8B,top8,0,11,12,E3 5D FF DD FF DD FF 5D E3 FF FF,1C A2 00 22 00 22 00 A2 1C 00 00
25,19,0x18CF,8B,top8,0,11,12,C3 7D FF FD FF FD FF 7D C3 FF FF,3C 82 00 02 00 02 00 82 3C 00 00
26,1A,0x18DB,8B,top8,0,11,12,FB F5 5F F5 DF F5 5F E3 FD FF FF,04 0A A0 0A 20 0A A0 1C 02 00 00
27,1B,0x18E7,9A,top8,1,10,10,FF E3 5D FF DD FF 5D E3 FF FF FF,00 1C A2 00 22 00 A2 1C 00 00 00
28,1C,0x18F3,9B,top8,1,11,11,FF C3 7F FD FF FD 7F C3 FD FF FF,00 3C 80 02 00 02 80 3C 02 00 00
29,1D,0x18FF,8B,top8,0,11,12,C1 FF D5 FF 95 7F D5 FF DD FF FF,3E 00 2A 00 6A 80 2A 00 22 00 00
30,1E,0x190B,8B,top8,0,11,12,E3 DD F7 DD B7 5D F7 DD E7 FF FF,1C 22 08 22 48 A2 08 22 18 00 00
31,1F,0x1917,8B,top8,0,11,12,57 FF 97 FF C1 FF 97 FF 57 FF FF,A8 00 68 00 3E 00 68 00 A8 00 00
32,20,0x1923,8B,top8,0,11,12,FF FF FF FF FF FF FF FF FF FF FF,00 00 00 00 00 00 00 00 00 00 00
33,21,0x192F,C8,top8,4,8,5,FF FF FF FF 0D FF FF FF FF FF FF,00 00 00 00 F2 00 00 00 00 00 00
34,22,0x193B,A9,top8,2,9,8,FF FF 1F FF FF FF 1F FF FF FF FF,00 00 E0 00 00 00 E0 00 00 00 00
35,23,0x1947,8B,top8,0,11,12,D7 FF 01 FF D7 FF 01 FF D7 FF FF,28 00 FE 00 28 00 FE 00 28 00 00
36,24,0x1953,8B,top8,0,11,12,DB FF AB FF 01 FF AB FF B7 FF FF,24 00 54 00 FE 00 54 00 48 00 00
37,25,0x195F,8B,top8,0,11,12,3F FD 3B F7 EF DF B9 7F F9 FF FF,C0 02 C4 08 10 20 46 80 06 00 00
38,26,0x196B,8B,top8,0,11,12,B3 5F ED 5F B5 FF FB F7 ED FF FF,4C A0 12 A0 4A 00 04 08 12 00 00
39,27,0x1977,C8,top8,4,8,5,FF FF FF FF BF 7F FF FF FF FF FF,00 00 00 00 40 80 00 00 00 00 00
40,28,0x1983,C9,top8,4,9,6,FF FF FF FF C7 BB 7D FF FF FF FF,00 00 00 00 38 44 82 00 00 00 00
41,29,0x198F,A7,top8,2,7,6,FF FF 7D BB C7 FF FF FF FF FF FF,00 00 82 44 38 00 00 00 00 00 00
42,2A,0x199B,8B,top8,0,11,12,EF FF AB D7 EF D7 AB FF EF FF FF,10 00 54 28 10 28 54 00 10 00 00
43,2B,0x19A7,8B,top8,0,11,12,EF FF EF FF 83 FF EF FF EF FF FF,10 00 10 00 7C 00 10 00 10 00 00
44,2C,0x19B3,39,bottom8,3,9,7,FF FF FF F3 FE F1 FF FF FF FF FF,00 00 00 0C 01 0E 00 00 00 00 00
45,2D,0x19BF,8B,top8,0,11,12,EF FF EF FF EF FF EF FF EF FF FF,10 00 10 00 10 00 10 00 10 00 00
46,2E,0x19CB,A7,top8,2,7,6,FF FF F9 FF F9 FF FF FF FF FF FF,00 00 06 00 06 00 00 00 00 00 00
47,2F,0x19D7,9A,top8,1,10,10,FF FD FB F7 EF DF BF 7F FF FF FF,00 02 04 08 10 20 40 80 00 00 00
48,30,0x19E3,8B,top8,0,11,12,C7 BB FF 7D FF 7D FF BB C7 FF FF,38 44 00 82 00 82 00 44 38 00 00
49,31,0x19EF,A9,top8,2,9,8,FF FF BD FF 01 FF FD FF FF FF FF,00 00 42 00 FE 00 02 00 00 00 00
50,32,0x19FB,8B,top8,0,11,12,BD 7F F9 7F F5 7F ED 7F 9D FF FF,42 80 06 80 0A 80 12 80 62 00 00
51,33,0x1A07,8B,top8,0,11,12,7B FF 7D FF 5D FF 2D FF 73 FF FF,84 00 82 00 A2 00 D2 00 8C 00 00
52,34,0x1A13,8B,top8,0,11,12,F7 EF D7 BF 77 FF 01 FF F7 FF FF,08 10 28 40 88 00 FE 00 08 00 00
53,35,0x1A1F,8B,top8,0,11,12,1B FD 5F FD 5F FD 5F FD 63 FF FF,E4 02 A0 02 A0 02 A0 02 9C 00 00
54,36,0x1A2B,8B,top8,0,11,12,F3 ED DF AD 7F ED FF ED F3 FF FF,0C 12 20 52 80 12 00 12 0C 00 00
55,37,0x1A37,8B,top8,0,11,12,7F FF 7D FB 77 EF 5F BF 7F FF FF,80 00 82 04 88 10 A0 40 80 00 00
56,38,0x1A43,8B,top8,0,11,12,93 6D FF 6D FF 6D FF 6D 93 FF FF,6C 92 00 92 00 92 00 92 6C 00 00
57,39,0x1A4F,8B,top8,0,11,12,9F 6F FF 6F FD 6B F7 6F 9F FF FF,60 90 00 90 02 94 08 90 60 00 00
58,3A,0x1A5B,A7,top8,2,7,6,FF FF C9 FF C9 FF FF FF FF FF FF,00 00 36 00 36 00 00 00 00 00 00
59,3B,0x1A67,27,bottom8,2,7,6,FF FF 92 FF 91 FF FF FF FF FF FF,00 00 6D 00 6E 00 00 00 00 00 00
60,3C,0x1A73,89,top8,0,9,10,EF FF D7 FF BB FF 7D FF FF FF FF,10 00 28 00 44 00 82 00 00 00 00
61,3D,0x1A7F,8B,top8,0,11,12,D7 FF D7 FF D7 FF D7 FF D7 FF FF,28 00 28 00 28 00 28 00 28 00 00
62,3E,0x1A8B,AB,top8,2,11,10,FF FF 7D FF BB FF D7 FF EF FF FF,00 00 82 00 44 00 28 00 10 00 00
63,3F,0x1A97,8B,top8,0,11,12,BF 7F FF 7F F5 7F EF 7F 9F FF FF,40 80 00 80 0A 80 10 80 60 00 00
64,40,0x1AA3,8B,top8,0,11,12,C7 BB 7D EF 55 FF 55 FF 85 FF FF,38 44 82 10 AA 00 AA 00 7A 00 00
65,41,0x1AAF,8B,top8,0,11,12,E1 DF B7 7F F7 7F B7 DF E1 FF FF,1E 20 48 80 08 80 48 20 1E 00 00
66,42,0x1ABB,8B,top8,0,11,12,7D 83 7D EF 7D EF 7D EF 93 FF FF,82 7C 82 10 82 10 82 10 6C 00 00
67,43,0x1AC7,8B,top8,0,11,12,83 7D FF 7D FF 7D FF 7D BB FF FF,7C 82 00 82 00 82 00 82 44 00 00
68,44,0x1AD3,8B,top8,0,11,12,7D 83 7D FF 7D FF 7D BB C7 FF FF,82 7C 82 00 82 00 82 44 38 00 00
69,45,0x1ADF,8B,top8,0,11,12,01 FF 6D FF 6D FF 6D FF 7D FF FF,FE 00 92 00 92 00 92 00 82 00 00
70,46,0x1AEB,8B,top8,0,11,12,01 FF 6F FF 6F FF 6F FF 7F FF FF,FE 00 90 00 90 00 90 00 80 00 00
71,47,0x1AF7,8B,top8,0,11,12,83 7D FF 7D EF 7D EF 7D A3 FF FF,7C 82 00 82 10 82 10 82 5C 00 00
72,48,0x1B03,8B,top8,0,11,12,01 FF EF FF EF FF EF FF 01 FF FF,FE 00 10 00 10 00 10 00 FE 00 00
73,49,0x1B0F,A9,top8,2,9,8,FF FF 7D FF 01 FF 7D FF FF FF FF,00 00 82 00 FE 00 82 00 00 00 00
74,4A,0x1B1B,8A,top8,0,10,11,F3 FD FF 7D FF 7D 83 7F FF FF FF,0C 02 00 82 00 82 7C 80 00 00 00
75,4B,0x1B27,8B,top8,0,11,12,01 FF EF FF D7 FF BB FF 7D FF FF,FE 00 10 00 28 00 44 00 82 00 00
76,4C,0x1B33,8B,top8,0,11,12,01 FF FD FF FD FF FD FF FD FF FF,FE 00 02 00 02 00 02 00 02 00 00
77,4D,0x1B3F,8B,top8,0,11,12,01 FF BF DF EF DF BF FF 01 FF FF,FE 00 40 20 10 20 40 00 FE 00 00
78,4E,0x1B4B,8B,top8,0,11,12,01 FF BF DF EF F7 FB FF 01 FF FF,FE 00 40 20 10 08 04 00 FE 00 00
79,4F,0x1B57,8B,top8,0,11,12,83 7D FF 7D FF 7D FF 7D 83 FF FF,7C 82 00 82 00 82 00 82 7C 00 00
80,50,0x1B63,8B,top8,0,11,12,01 FF 6F FF 6F FF 6F FF 9F FF FF,FE 00 90 00 90 00 90 00 60 00 00
81,51,0x1B6F,8B,top8,0,11,12,83 7D FF 7D F7 7D FB 7F 85 FF FF,7C 82 00 82 08 82 04 80 7A 00 00
82,52,0x1B7B,8B,top8,0,11,12,01 FF 6F FF 6F FF 67 FB 9D FF FF,FE 00 90 00 90 00 98 04 62 00 00
83,53,0x1B87,8B,top8,0,11,12,9B 6D FF 6D FF 6D FF 6D B3 FF FF,64 92 00 92 00 92 00 92 4C 00 00
84,54,0x1B93,8B,top8,0,11,12,7F FF 7F FF 01 FF 7F FF 7F FF FF,80 00 80 00 FE 00 80 00 80 00 00
85,55,0x1B9F,8B,top8,0,11,12,03 FD FF FD FF FD FF FD 03 FF FF,FC 02 00 02 00 02 00 02 FC 00 00
86,56,0x1BAB,8B,top8,0,11,12,1F EF F7 FB FD FB F7 EF 1F FF FF,E0 10 08 04 02 04 08 10 E0 00 00
87,57,0x1BB7,8B,top8,0,11,12,03 FD FB F7 CF F7 FB FD 03 FF FF,FC 02 04 08 30 08 04 02 FC 00 00
88,58,0x1BC3,9A,top8,1,10,10,FF 7D BB D7 EF D7 BB 7D FF FF FF,00 82 44 28 10 28 44 82 00 00 00
89,59,0x1BCF,8B,top8,0,11,12,7F BF DF EF F1 EF DF BF 7F FF FF,80 40 20 10 0E 10 20 40 80 00 00
90,5A,0x1BDB,9A,top8,1,10,10,FF 7D FB 75 EF 5D BF 7D FF FF FF,00 82 04 8A 10 A2 40 82 00 00 00
91,5B,0x1BE7,A9,top8,2,9,8,FF FF 01 FF 7D FF 7D FF FF FF FF,00 00 FE 00 82 00 82 00 00 00 00
92,5C,0x1BF3,9A,top8,1,10,10,FF 7F BF DF EF F7 FB FD FF FF FF,00 80 40 20 10 08 04 02 00 00 00
93,5D,0x1BFF,A9,top8,2,9,8,FF FF 7D FF 7D FF 01 FF FF FF FF,00 00 82 00 82 00 FE 00 00 00 00
94,5E,0x1C0B,8B,top8,0,11,12,DF FF BF FF 7F FF BF FF DF FF FF,20 00 40 00 80 00 40 00 20 00 00
95,5F,0x1C17,0B,bottom8,0,11,12,FE FF FE FF FE FF FE FF FE FF FF,01 00 01 00 01 00 01 00 01 00 00
96,60,0x1C23,B7,top8,3,7,5,FF FF FF 7F BF FF FF FF FF FF FF,00 00 00 80 40 00 00 00 00 00 00
97,61,0x1C2F,8B,top8,0,11,12,FB F5 DF F5 DF F5 DF E3 FD FF FF,04 0A 20 0A 20 0A 20 1C 02 00 00
98,62,0x1C3B,8A,top8,0,10,11,01 FF DD FF DD FF DD E3 FF FF FF,FE 00 22 00 22 00 22 1C 00 00 00
99,63,0x1C47,8A,top8,0,10,11,E3 DD FF DD FF DD FF DD FF FF FF,1C 22 00 22 00 22 00 22 00 00 00
100,64,0x1C53,8A,top8,0,10,11,E3 DD FF DD FF DD FF 01 FF FF FF,1C 22 00 22 00 22 00 FE 00 00 00
101,65,0x1C5F,8B,top8,0,11,12,E3 DD F7 DD F7 DD F7 DD E7 FF FF,1C 22 08 22 08 22 08 22 18 00 00
102,66,0x1C6B,89,top8,0,9,10,EF FF EF 91 6F FF 6F FF FF FF FF,10 00 10 6E 90 00 90 00 00 00 00
103,67,0x1C77,0A,bottom8,0,10,11,C7 BB FE BB FE BB FE 81 FF FF FF,38 44 01 44 01 44 01 7E 00 00 00
104,68,0x1C83,8A,top8,0,10,11,01 FF DF FF DF FF DF E1 FF FF FF,FE 00 20 00 20 00 20 1E 00 00 00
105,69,0x1C8F,98,top8,1,8,8,FF DD FF 41 FF FD FF FF FF FF FF,00 22 00 BE 00 02 00 00 00 00 00
106,6A,0x1C9B,99,top8,1,9,9,FF FE FF FE DF FE 41 FF FF FF FF,00 01 00 01 20 01 BE 00 00 00 00
107,6B,0x1CA7,9A,top8,1,10,10,FF 01 FF F7 FF EB FF DD FF FF FF,00 FE 00 08 00 14 00 22 00 00 00
108,6C,0x1CB3,98,top8,1,8,8,FF 7D FF 01 FF FD FF FF FF FF FF,00 82 00 FE 00 02 00 00 00 00 00
109,6D,0x1CBF,8B,top8,0,11,12,E1 DF FF DF E1 DF FF DF E1 FF FF,1E 20 00 20 1E 20 00 20 1E 00 00
110,6E,0x1CCB,8A,top8,0,10,11,C1 FF DF FF DF FF DF E1 FF FF FF,3E 00 20 00 20 00 20 1E 00 00 00
111,6F,0x1CD7,8B,top8,0,11,12,E3 DD FF DD FF DD FF DD E3 FF FF,1C 22 00 22 00 22 00 22 1C 00 00
112,70,0x1CE3,0A,bottom8,0,10,11,80 FF BB FF BB FF BB C7 FF FF FF,7F 00 44 00 44 00 44 38 00 00 00
113,71,0x1CEF,0A,bottom8,0,10,11,C7 BB FF BB FF BB FF 80 FF FF FF,38 44 00 44 00 44 00 7F 00 00 00
114,72,0x1CFB,8A,top8,0,10,11,C1 FF EF DF FF DF FF DF FF FF FF,3E 00 10 20 00 20 00 20 00 00 00
115,73,0x1D07,8B,top8,0,11,12,EF D5 FF D5 FF D5 FF D5 FB FF FF,10 2A 00 2A 00 2A 00 2A 04 00 00
116,74,0x1D13,8A,top8,0,10,11,DF FF 03 FD DF FD DF FD FF FF FF,20 00 FC 02 20 02 20 02 00 00 00
117,75,0x1D1F,8B,top8,0,11,12,C3 FD FF FD FF FD FF C3 FD FF FF,3C 02 00 02 00 02 00 3C 02 00 00
118,76,0x1D2B,8B,top8,0,11,12,DF EF F7 FB FD FB F7 EF DF FF FF,20 10 08 04 02 04 08 10 20 00 00
119,77,0x1D37,8B,top8,0,11,12,C3 FD FB F7 EF F7 FB FD C3 FF FF,3C 02 04 08 10 08 04 02 3C 00 00
120,78,0x1D43,89,top8,0,9,10,DD EB FF F7 FF EB DD FF FF FF FF,22 14 00 08 00 14 22 00 00 00 00
121,79,0x1D4F,0B,bottom8,0,11,12,BF DF EE F5 FB F7 EF DF BF FF FF,40 20 11 0A 04 08 10 20 40 00 00
122,7A,0x1D5B,89,top8,0,9,10,DD FB DD F7 DD EF DD FF FF FF FF,22 04 22 08 22 10 22 00 00 00 00
123,7B,0x1D67,AA,top8,2,10,9,FF FF EF FF 93 7D FF 7D FF FF FF,00 00 10 00 6C 82 00 82 00 00 00
124,7C,0x1D73,C8,top8,4,8,5,FF FF FF FF 11 FF FF FF FF FF FF,00 00 00 00 EE 00 00 00 00 00 00
125,7D,0x1D7F,99,top8,1,9,9,FF 7D FF 7D 93 FF EF FF FF FF FF,00 82 00 82 6C 00 10 00 00 00 00
126,7E,0x1D8B,8B,top8,0,11,12,BF 7F FF 7F BF DF FF DF BF FF FF,40 80 00 80 40 20 00 20 40 00 00
127,7F,0x1D97,8B,top8,0,11,12,83 7D FB 75 EF 5D BF 7D 83 FF FF,7C 82 04 8A 10 A2 40 82 7C 00 00
128,80,0x1DA3,8A,top8,0,10,11,FB F5 DF 75 9F F5 DB E5 FF FF FF,04 0A 20 8A 60 0A 24 1A 00 00 00
129,81,0x1DAF,8A,top8,0,10,11,F3 ED D7 7D 97 FD D7 EF FF FF FF,0C 12 28 82 68 02 28 10 00 00 00
130,82,0x1DBB,8A,top8,0,10,11,F3 CD FF 7D BF FD F3 CD FF FF FF,0C 32 00 82 40 02 0C 32 00 00 00
131,83,0x1DC7,8A,top8,0,10,11,F3 ED FF 5F BD FF DB E7 FF FF FF,0C 12 00 A0 42 00 24 18 00 00 00
132,84,0x1DD3,98,top8,1,8,8,FF FD FF E9 77 AD FF FF FF FF FF,00 02 00 16 88 52 00 00 00 00 00
133,85,0x1DDF,A9,top8,2,9,8,FF FF BF 5F FF 5F BF FF FF FF FF,00 00 40 A0 00 A0 40 00 00 00 00
134,86,0x1DEB,8B,top8,0,11,12,ED FF E1 9F ED 7F ED 7F BF FF FF,12 00 1E 60 12 80 12 80 40 00 00
135,87,0x1DF7,9A,top8,1,10,10,FF FE FD FB F7 EF FF 7F FF FF FF,00 01 02 04 08 10 00 80 00 00 00
136,88,0x1E03,8A,top8,0,10,11,F9 FE F7 FE EF DE 7F FD FF FF FF,06 01 08 01 10 21 80 02 00 00 00
137,89,0x1E0F,8B,top8,0,11,12,F9 A7 7F F7 7B BF F9 A7 7F FF FF,06 58 80 08 84 40 06 58 80 00 00
138,8A,0x1E1B,8B,top8,0,11,12,ED B3 7F EF 7F AF FD B3 7F FF FF,12 4C 80 10 80 50 02 4C 80 00 00
139,8B,0x1E27,8B,top8,0,11,12,FD E7 DB 7F BB FD B7 CF 7F FF FF,02 18 24 80 44 02 48 30 80 00 00
140,8C,0x1E33,8B,top8,0,11,12,F9 C7 3F DF 77 D9 27 FD F7 FF FF,06 38 C0 20 88 26 D8 02 08 00 00
141,8D,0x1E3F,8B,top8,0,11,12,FD FB F7 EB BF 5B FF 41 BF FF FF,02 04 08 14 40 A4 00 BE 40 00 00
142,8E,0x1E4B,8A,top8,0,10,11,FB F5 DF F5 DF 75 DB E5 FF FF FF,04 0A 20 0A 20 8A 24 1A 00 00 00
143,8F,0x1E57,0A,bottom8,0,10,11,E7 DE FB BE F9 BF FB BF FF FF FF,18 21 04 41 06 40 04 40 00 00 00
144,90,0x1E63,8B,top8,0,11,12,FD EF 95 FF 55 FF 53 EF 7F FF FF,02 10 6A 00 AA 00 AC 10 80 00 00
145,91,0x1E6F,8A,top8,0,10,11,F9 E7 9F FF 7D EF 7D 93 FF FF FF,06 18 60 00 82 10 82 6C 00 00 00
146,92,0x1E7B,8B,top8,0,11,12,F1 CF BF 6F F1 8F 7D EF 7D FF FF,0E 30 40 90 0E 70 82 10 82 00 00
147,93,0x1E87,8B,top8,0,11,12,FB DD F7 DD E3 DD F7 DD EF FF FF,04 22 08 22 1C 22 08 22 10 00 00
148,94,0x1E93,8B,top8,0,11,12,E5 DB BD F7 6D DF 7B B7 4F FF FF,1A 24 42 08 92 20 84 48 B0 00 00
149,95,0x1E9F,8A,top8,0,10,11,F3 EE FD D3 ED DF BB E7 FF FF FF,0C 11 02 2C 12 20 44 18 00 00 00
150,96,0x1EAB,AA,top8,2,10,9,FF FF 7F FF FF FF 7F FF FF FF FF,00 00 80 00 00 00 80 00 00 00 00
151,97,0x1EB7,8B,top8,0,11,12,FD FB F7 EB 7F DB FF C1 7F FF FF,02 04 08 14 80 24 00 3E 80 00 00
152,98,0x1EC3,8B,top8,0,11,12,F3 ED FF 5D FF DD FF 5B E7 FF FF,0C 12 00 A2 00 22 00 A4 18 00 00
153,99,0x1ECF,8B,top8,0,11,12,F3 CD FF 7D FF FD FF 73 CF FF FF,0C 32 00 82 00 02 00 8C 30 00 00
154,9A,0x1EDB,8A,top8,0,10,11,FB F5 DF 75 DF F5 DB 65 FF FF FF,04 0A 20 8A 20 0A 24 9A 00 00 00
155,9B,0x1EE7,8A,top8,0,10,11,F3 ED FF 5F FD FF DB 67 FF FF FF,0C 12 00 A0 02 00 24 98 00 00 00
156,9C,0x1EF3,8B,top8,0,11,12,F3 CD 7F FD FF FD F3 4D FF FF FF,0C 32 80 02 00 02 0C B2 00 00 00
157,9D,0x1EFF,8B,top8,0,11,12,F9 E7 DD F7 DD B7 DD 7F DF FF FF,06 18 22 08 22 48 22 80 20 00 00
158,9E,0x1F0B,8A,top8,0,10,11,F3 ED D7 FD 97 FD 57 EF FF FF FF,0C 12 28 02 68 02 A8 10 00 00 00
159,9F,0x1F17,8B,top8,0,11,12,F7 DF 77 99 E7 DF B7 DF 7F FF FF,08 20 88 66 18 20 48 20 80 00 00
160,A0,0x1F23,8B,top8,0,11,12,FF FF FF FF FF FF FF FF FF FF FF,00 00 00 00 00 00 00 00 00 00 00
161,A1,0x1F2F,9A,top8,1,10,10,FF FD FF F7 EF DF BF 7F FF FF FF,00 02 00 08 10 20 40 80 00 00 00
162,A2,0x1F3B,9A,top8,1,10,10,FF DF BF 7F FF DF BF 7F FF FF FF,00 20 40 80 00 20 40 80 00 00 00
163,A3,0x1F47,8B,top8,0,11,12,D7 F9 C7 3F D7 F9 C7 3F D7 FF FF,28 06 38 C0 28 06 38 C0 28 00 00
164,A4,0x1F53,8A,top8,0,10,11,FF DB EF B9 C7 3B EF B7 FF FF FF,00 24 10 46 38 C4 10 48 00 00 00
165,A5,0x1F5F,8B,top8,0,11,12,BF 7D BB 77 EF DD BB 7D FB FF FF,40 82 44 88 10 22 44 82 04 00 00
166,A6,0x1F6B,8B,top8,0,11,12,F3 EF BD 5F ED 57 BB F5 EF FF FF,0C 10 42 A0 12 A8 44 0A 10 00 00
167,A7,0x1F77,C8,top8,4,8,5,FF FF FF FF BF 7F FF FF FF FF FF,00 00 00 00 40 80 00 00 00 00 00
168,A8,0x1F83,BA,top8,3,10,8,FF FF FF E3 DD BF FF 7F FF FF FF,00 00 00 1C 22 40 00 80 00 00 00
169,A9,0x1F8F,98,top8,1,8,8,FF FD FF FB 77 8F FF FF FF FF FF,00 02 00 04 88 70 00 00 00 00 00
170,AA,0x1F9B,8B,top8,0,11,12,EF FB AF D7 EF D7 EB BF EF FF FF,10 04 50 28 10 28 14 40 10 00 00
171,AB,0x1FA7,8B,top8,0,11,12,EF FF EB F7 EF DF AF FF EF FF FF,10 00 14 08 10 20 50 00 10 00 00
172,AC,0x1FB3,18,bottom8,1,8,8,FF FE FB F5 FB F7 FF FF FF FF FF,00 01 04 0A 04 08 00 00 00 00 00
173,AD,0x1FBF,8B,top8,0,11,12,EF FF EF FF EF FF EF FF EF FF FF,10 00 10 00 10 00 10 00 10 00 00
174,AE,0x1FCB,A8,top8,2,8,7,FF FF FD FB FD FB FF FF FF FF FF,00 00 02 04 02 04 00 00 00 00 00
175,AF,0x1FD7,9A,top8,1,10,10,FF FD FB F7 EF DF BF 7F FF FF FF,00 02 04 08 10 20 40 80 00 00 00
176,B0,0x1FE3,8B,top8,0,11,12,E3 DF BD FF 7D FF 7B F7 8F FF FF,1C 20 42 00 82 00 84 08 70 00 00
177,B1,0x1FEF,99,top8,1,9,9,FF FD FF B9 E7 9D 7F FF FF FF FF,00 02 00 46 18 62 80 00 00 00 00
178,B2,0x1FFB,8B,top8,0,11,12,FD BF F9 7F F5 7F ED 7F 9F FF FF,02 40 06 80 0A 80 12 80 60 00 00
179,B3,0x2007,8B,top8,0,11,12,FB FF 7D FF 6D FF 4D B3 7F FF FF,04 00 82 00 92 00 B2 4C 80 00 00
180,B4,0x2013,8B,top8,0,11,12,F7 EF F7 DF F7 B9 C7 3F F7 FF FF,08 10 08 20 08 46 38 C0 08 00 00
181,B5,0x201F,8B,top8,0,11,12,FB 9F 7D DF 7D DF 7B E7 7F FF FF,04 60 82 20 82 20 84 18 80 00 00
182,B6,0x202B,8A,top8,0,10,11,F3 ED DF ED BF ED 7F F3 FF FF FF,0C 12 20 12 40 12 80 0C 00 00 00
183,B7,0x2037,8B,top8,0,11,12,7F FD 7B F7 6F DF 7F BF 7F FF FF,80 02 84 08 90 20 80 40 80 00 00
184,B8,0x2043,8B,top8,0,11,12,F3 9D EF 7D EF 7D EF 73 9F FF FF,0C 62 10 82 10 82 10 8C 60 00 00
185,B9,0x204F,8A,top8,0,10,11,9F FD 6F FB 6F F7 6F 9F FF FF FF,60 02 90 04 90 08 90 60 00 00 00
186,BA,0x205B,A9,top8,2,9,8,FF FF FD EB DD EB DF FF FF FF FF,00 00 02 14 22 14 20 00 00 00 00
187,BB,0x2067,19,bottom8,1,9,9,FF FE FB D5 BB D7 BF FF FF FF FF,00 01 04 2A 44 28 40 00 00 00 00
188,BC,0x2073,9A,top8,1,10,10,FF EF F7 DB FD BF FF 7F FF FF FF,00 10 08 24 02 40 00 80 00 00 00
189,BD,0x207F,8A,top8,0,10,11,F7 DF F7 DF F7 DF F7 DF FF FF FF,08 20 08 20 08 20 08 20 00 00 00
190,BE,0x208B,88,top8,0,8,9,FF FD FF FB 7F B7 DF EF FF FF FF,00 02 00 04 80 48 20 10 00 00 00
191,BF,0x2097,8A,top8,0,10,11,BF FD 7F F7 7F EF 7F 9F FF FF FF,40 02 80 08 80 10 80 60 00 00 00
192,C0,0x20A3,8B,top8,0,11,12,E3 DF BD 7F ED 77 DD 77 8F FF FF,1C 20 42 80 12 88 22 88 70 00 00
193,C1,0x20AF,8B,top8,0,11,12,FD FB F7 EF D7 BF 77 FF 01 FF FF,02 04 08 10 28 40 88 00 FE 00 00
194,C2,0x20BB,8B,top8,0,11,12,F9 67 9D 7F ED 7F ED 73 9F FF FF,06 98 62 80 12 80 12 8C 60 00 00
195,C3,0x20C7,8B,top8,0,11,12,E3 DD BF 7D FF 7D FF 7B BF FF FF,1C 22 40 82 00 82 00 84 40 00 00
196,C4,0x20D3,8B,top8,0,11,12,F9 67 9D 7F FD 7F FB 77 8F FF FF,06 98 62 80 02 80 04 88 70 00 00
197,C5,0x20DF,8B,top8,0,11,12,F9 C7 3D EF 7D EF 7D FF 7F FF FF,06 38 C2 10 82 10 82 00 80 00 00
198,C6,0x20EB,8B,top8,0,11,12,F9 C7 3F EF 7F EF 7F FF 7F FF FF,06 38 C0 10 80 10 80 00 80 00 00
199,C7,0x20F7,8B,top8,0,11,12,E3 DD BF 7D FF 6D FB 67 BF FF FF,1C 22 40 82 00 92 04 98 40 00 00
200,C8,0x2103,8B,top8,0,11,12,F9 C7 3F EF FF EF F9 C7 3F FF FF,06 38 C0 10 00 10 06 38 C0 00 00
201,C9,0x210F,9A,top8,1,10,10,FF FD FF 79 E7 1D FF 7F FF FF FF,00 02 00 86 18 E2 00 80 00 00 00
202,CA,0x211B,8B,top8,0,11,12,F3 FD FF FD 7F FB 67 9F 7F FF FF,0C 02 00 02 80 04 98 60 80 00 00
203,CB,0x2127,8B,top8,0,11,12,F9 C7 3F EF DF F7 BB FD 7F FF FF,06 38 C0 10 20 08 44 02 80 00 00
204,CC,0x2133,9A,top8,1,10,10,FF F9 E7 9D 7F FD FF FD FF FF FF,00 06 18 62 80 02 00 02 00 00 00
205,CD,0x213F,8B,top8,0,11,12,F9 C7 3F FF CF FF B9 C7 3F FF FF,06 38 C0 00 30 00 46 38 C0 00 00
206,CE,0x214B,8B,top8,0,11,12,F9 C7 3F DF EF F7 F9 C7 3F FF FF,06 38 C0 20 10 08 06 38 C0 00 00
207,CF,0x2157,8B,top8,0,11,12,F3 CD BF 7D FF 7D FB 67 9F FF FF,0C 32 40 82 00 82 04 98 60 00 00
208,D0,0x2163,8B,top8,0,11,12,F9 E7 9F 6F FF 6F FF 6F 9F FF FF,06 18 60 90 00 90 00 90 60 00 00
209,D1,0x216F,8B,top8,0,11,12,E3 DF BD FF 75 FF 7B F5 8F FF FF,1C 20 42 00 8A 00 84 0A 70 00 00
210,D2,0x217B,8B,top8,0,11,12,F9 E7 9F 7F EF 77 EB 7D 9F FF FF,06 18 60 80 10 88 14 82 60 00 00
211,D3,0x2187,8B,top8,0,11,12,FB 9D FF 6D FF 6D FF 73 BF FF FF,04 62 00 92 00 92 00 8C 40 00 00
212,D4,0x2193,8B,top8,0,11,12,7F FF 79 E7 1F FF 7F FF 7F FF FF,80 00 86 18 E0 00 80 00 80 00 00
213,D5,0x219F,8B,top8,0,11,12,F3 CD 3F FD FF FD F3 CF 3F FF FF,0C 32 C0 02 00 02 0C 30 C0 00 00
214,D6,0x21AB,9B,top8,1,11,11,FF 01 FF FB F7 EF DF BF 7F FF FF,00 FE 00 04 08 10 20 40 80 00 00
215,D7,0x21B7,8B,top8,0,11,12,F9 C7 3B F7 EF F7 F9 C7 3F FF FF,06 38 C4 08 10 08 06 38 C0 00 00
216,D8,0x21C3,8B,top8,0,11,12,FD 7B B7 DF E7 DB FD BF 7F FF FF,02 84 48 20 18 24 02 40 80 00 00
217,D9,0x21CF,8B,top8,0,11,12,7F BF D9 E7 FF DF FF BF 7F FF FF,80 40 26 18 00 20 00 40 80 00 00
218,DA,0x21DB,8B,top8,0,11,12,FD FB 75 FF 6D FF 5D BF 7F FF FF,02 04 8A 00 92 00 A2 40 80 00 00
219,DB,0x21E7,9B,top8,1,11,11,FF F9 E7 9D 7F FD 7F FF 7F FF FF,00 06 18 62 80 02 80 00 80 00 00
220,DC,0x21F3,A8,top8,2,8,7,FF FF 3F CF F3 FD FF FF FF FF FF,00 00 C0 30 0C 02 00 00 00 00 00
221,DD,0x21FF,8A,top8,0,10,11,FD FF FD 7F F9 67 9F 7F FF FF FF,02 00 02 80 06 98 60 80 00 00 00
222,DE,0x220B,9A,top8,1,10,10,FF DF FF BF FF 7F BF DF FF FF FF,00 20 00 40 00 80 40 20 00 00 00
223,DF,0x2217,0B,bottom8,0,11,12,FE FF FE FF FE FF FE FF FE FF FF,01 00 01 00 01 00 01 00 01 00 00
224,E0,0x2223,B7,top8,3,7,5,FF FF FF 7F BF FF FF FF FF FF FF,00 00 00 80 40 00 00 00 00 00 00
225,E1,0x222F,8A,top8,0,10,11,FB F5 DF F5 DF F5 DB E5 FF FF FF,04 0A 20 0A 20 0A 24 1A 00 00 00
226,E2,0x223B,8A,top8,0,10,11,F9 E7 1D FF DD FF DB E7 FF FF FF,06 18 E2 00 22 00 24 18 00 00 00
227,E3,0x2247,8A,top8,0,10,11,F3 EF FD DF FD DF FD DF FF FF FF,0C 10 02 20 02 20 02 20 00 00 00
228,E4,0x2253,8B,top8,0,11,12,F3 EF FD DF FD DF F9 C7 3F FF FF,0C 10 02 20 02 20 06 38 C0 00 00
229,E5,0x225F,8A,top8,0,10,11,F3 ED D7 FD D7 FD D7 EF FF FF FF,0C 12 28 02 28 02 28 10 00 00 00
230,E6,0x226B,8B,top8,0,11,12,DF FF D9 E7 9F FF 5F FF 7F FF FF,20 00 26 18 60 00 A0 00 80 00 00
231,E7,0x2277,0A,bottom8,0,10,11,E7 DA FF BA FF B9 E7 9F FF FF FF,18 25 00 45 00 46 18 60 00 00 00
232,E8,0x2283,8A,top8,0,10,11,F9 E7 1F FF DF FF D9 E7 FF FF FF,06 18 E0 00 20 00 26 18 00 00 00
233,E9,0x228F,99,top8,1,9,9,FF FD FF D9 E7 DD 7F FF FF FF FF,00 02 00 26 18 22 80 00 00 00 00
234,EA,0x229B,89,top8,0,9,10,FE FF FE FF D9 E7 5F FF FF FF FF,01 00 01 00 26 18 A0 00 00 00 00
235,EB,0x22A7,8A,top8,0,10,11,F9 E7 9F 77 FB ED FF DF FF FF FF,06 18 60 88 04 12 00 20 00 00 00
236,EC,0x22B3,99,top8,1,9,9,FF FD FF F9 67 9D 7F FF FF FF FF,00 02 00 06 98 62 80 00 00 00 00
237,ED,0x22BF,8A,top8,0,10,11,D9 E7 DF F9 C7 FF D9 E7 FF FF FF,26 18 20 06 38 00 26 18 00 00 00
238,EE,0x22CB,89,top8,0,9,10,D9 E7 DF FF DF F9 E7 FF FF FF FF,26 18 20 00 20 06 18 00 00 00 00
239,EF,0x22D7,8A,top8,0,10,11,F3 ED FF DF FD FF DB E7 FF FF FF,0C 12 00 20 02 00 24 18 00 00 00
240,F0,0x22E3,0A,bottom8,0,10,11,FC E3 9F FB BF FB B7 CF FF FF FF,03 1C 60 04 40 04 48 30 00 00 00
241,F1,0x22EF,0A,bottom8,0,10,11,E7 DB FF BB FF B8 E7 9F FF FF FF,18 24 00 44 00 47 18 60 00 00 00
242,F2,0x22FB,89,top8,0,9,10,F9 C7 FF EF DF FF DF FF FF FF FF,06 38 00 10 20 00 20 00 00 00 00
243,F3,0x2307,8A,top8,0,10,11,FD EF FD D7 FD D7 FB DF FF FF FF,02 10 02 28 02 28 04 20 00 00 00
244,F4,0x2313,9A,top8,1,10,10,FF DF F3 CD 3F DD FF DF FF FF FF,00 20 0C 32 C0 22 00 20 00 00 00
245,F5,0x231F,8A,top8,0,10,11,F3 CD FF FD FF FD F3 CD FF FF FF,0C 32 00 02 00 02 0C 32 00 00 00
246,F6,0x232B,9A,top8,1,10,10,FF C1 FF FB FF F7 EF DF FF FF FF,00 3E 00 04 00 08 10 20 00 00 00
247,F7,0x2337,8B,top8,0,11,12,F1 CF FB FF E7 FB FF F9 C7 FF FF,0E 30 04 00 18 04 00 06 38 00 00
248,F8,0x2343,8B,top8,0,11,12,FD FF DB EF F7 FB ED FF DF FF FF,02 00 24 10 08 04 12 00 20 00 00
249,F9,0x234F,0A,bottom8,0,10,11,BF DE ED FB F7 EF DF BF FF FF FF,40 21 12 04 08 10 20 40 00 00 00
250,FA,0x235B,8B,top8,0,11,12,FD FF D9 FF D5 FF CD FF DF FF FF,02 00 26 00 2A 00 32 00 20 00 00
251,FB,0x2367,9A,top8,1,10,10,FF EF FB E5 9F 7D FF 7F FF FF FF,00 10 04 1A 60 82 00 80 00 00 00
252,FC,0x2373,99,top8,1,9,9,FF FD FB F7 DF BF 7F FF FF FF FF,00 02 04 08 20 40 80 00 00 00 00
253,FD,0x237F,9A,top8,1,10,10,FF FD FF 7D F3 4F BF EF FF FF FF,00 02 00 82 0C B0 40 10 00 00 00
254,FE,0x238B,8B,top8,0,11,12,BF 7F FF 7F BF DF FF DF BF FF FF,40 80 00 80 40 20 00 20 40 00 00
255,FF,0x2397,8B,top8,0,11,12,E5 DB BD F7 6D DF 7B B7 4F FF FF,1A 24 42 08 92 20 84 48 B0 00 00
